{"display":"MIRAI.501342.001","product":"mirai","device":"mirai","board":"mirai","model":"mirai","finger_print":"mamoe/mirai/mirai:10/MIRAI.200122.001/1891815:user/release-keys","boot_id":"694fe0b3-3bc2-6608-89cf-88f9eb3ee2c9","proc_version":"Linux version 3.0.31-3BKFK6PM (android-build@xxx.xxx.xxx.xxx.com)","protocol":5,"imei":"166283475303642","brand":"mamoe","bootloader":"unknown","base_band":"","version":{"incremental":"5891938","release":"10","codename":"REL","sdk":29},"sim_info":"T-Mobile","os_type":"android","mac_address":"00:50:56:C0:00:08","ip_address":[10,0,1,3],"wifi_bssid":"00:50:56:C0:00:08","wifi_ssid":"\u003cunknown ssid\u003e","imsi_md5":"c0f4cf249a99e8da8445deeab2923c14","android_id":"c46eb9b317535aa4","apn":"wifi","vendor_name":"MIUI","vendor_os_name":"mirai"}