{"display":"MIRAI.967495.001","product":"mirai","device":"mirai","board":"mirai","model":"mirai","finger_print":"mamoe/mirai/mirai:10/MIRAI.200122.001/7114114:user/release-keys","boot_id":"30da9d09-d9a5-cf41-a108-14ab4c621547","proc_version":"Linux version 3.0.31-Zxg2smZy (android-build@xxx.xxx.xxx.xxx.com)","protocol":5,"imei":"653930219276845","brand":"mamoe","bootloader":"unknown","base_band":"","version":{"incremental":"5891938","release":"10","codename":"REL","sdk":29},"sim_info":"T-Mobile","os_type":"android","mac_address":"00:50:56:C0:00:08","ip_address":[10,0,1,3],"wifi_bssid":"00:50:56:C0:00:08","wifi_ssid":"\u003cunknown ssid\u003e","imsi_md5":"4c0c2ff49a0459dbf0609b1aa3b72102","android_id":"d20ee9b07f0ef716","apn":"wifi","vendor_name":"MIUI","vendor_os_name":"mirai"}