{"display":"MIRAI.168899.001","product":"mirai","device":"mirai","board":"mirai","model":"mirai","finger_print":"mamoe/mirai/mirai:10/MIRAI.200122.001/7160560:user/release-keys","boot_id":"2cd55701-80c3-bbde-d09f-c7052e2feffa","proc_version":"Linux version 3.0.31-CwJkkHQO (android-build@xxx.xxx.xxx.xxx.com)","protocol":2,"imei":"698513817146565","brand":"mamoe","bootloader":"unknown","base_band":"","version":{"incremental":"5891938","release":"10","codename":"REL","sdk":29},"sim_info":"T-Mobile","os_type":"android","mac_address":"00:50:56:C0:00:08","ip_address":[10,0,1,3],"wifi_bssid":"00:50:56:C0:00:08","wifi_ssid":"\u003cunknown ssid\u003e","imsi_md5":"357ed2be23ef0046c6af14aabef93b46","android_id":"924a08c576d121f6","apn":"wifi","vendor_name":"MIUI","vendor_os_name":"mirai"}